"site_ID","gStart","gEnd","tStart","tEnd","nyear"
"CA-ARB",146,258,9.19763529918384,17.9433866837045,11
"CA-ARF",146,258,13.5865092344832,18.4610127609472,10
"CA-KLP",145,257,7.4655909409619,15.0789822705831,8
"US-BZo",136,240,8.26004763513455,14.1685129563119,8
"US-ChR",116,288,14.7175983856498,21.3346796146581,9
"US-Rms",146,256,6.82393212912426,16.4412272686305,8
"US-SRS",181,280,16.4278769070735,33.2023042319106,8
