"TRS_type","var","varImp"
"TAS_direct","ELEV",88.2681115766749
"TAS_direct","MATA",18.5950784194747
"TAS_direct","LAI",57.8411092164339
"TAS_direct","SOC",-64.7042992125836
"TAS_tot","LAI",24.8717521716716
"TAS_tot","ELEV",24.9061643361916
"TAS_tot","MATA",17.2033901084334
"TAS_tot","SOC",33.0186933837034
"TAS_app","LAI",20.5345897488952
"TAS_app","ELEV",8.22571858738405
"TAS_app","MATA",26.2851300560531
"TAS_app","SOC",44.9545616076676
