"TRS_type","var","varImp"
"TAS_direct","ELEV",29.148127646573
"TAS_direct","MATA",9.7828632618936
"TAS_direct","LAI",64.6369546961952
"TAS_direct","SOC",-3.56794560466184
"TAS_tot","LAI",37.4633911664592
"TAS_tot","ELEV",30.5049443844834
"TAS_tot","MATA",9.97669364253177
"TAS_tot","SOC",22.0549708065256
"TAS_app","LAI",28.6578197982783
"TAS_app","ELEV",9.67653343783748
"TAS_app","MATA",38.2760984975005
"TAS_app","SOC",23.3895482663837
