"TRS_type","var","varImp"
"TAS_direct","ELEV",53.2106959232069
"TAS_direct","MATA",-4.06949376989798
"TAS_direct","LAI",24.8451382076968
"TAS_direct","SOC",26.0136596389943
"TAS_tot","LAI",25.0230463729216
"TAS_tot","ELEV",26.1886040299808
"TAS_tot","MATA",17.3202359444659
"TAS_tot","SOC",31.4681136526317
"TAS_app","LAI",24.2703423326555
"TAS_app","ELEV",4.94719174278325
"TAS_app","MATA",35.5787382496341
"TAS_app","SOC",35.2037276749271
