"TRS_type","var","varImp"
"TAS_direct","ELEV",253.446299234188
"TAS_direct","MATA",-151.461044628511
"TAS_direct","LAI",28.3480951539344
"TAS_direct","SOC",-30.3333497596119
"TAS_tot","LAI",24.2746158494522
"TAS_tot","ELEV",26.4165298286717
"TAS_tot","MATA",18.1476938703298
"TAS_tot","SOC",31.1611604515463
"TAS_app","LAI",18.087317974858
"TAS_app","ELEV",8.20355133874399
"TAS_app","MATA",27.134822491293
"TAS_app","SOC",46.5743081951051
