"TRS_type","var","varImp"
"TAS_direct","ELEV",59.3050428382291
"TAS_direct","MATA",-18.1967268389671
"TAS_direct","LAI",34.8549166052697
"TAS_direct","SOC",24.0367673954683
"TAS_tot","LAI",25.3671208059283
"TAS_tot","ELEV",26.4880116808212
"TAS_tot","MATA",16.3281437568538
"TAS_tot","SOC",31.8167237563967
"TAS_app","LAI",23.6345592225462
"TAS_app","ELEV",6.48505939484926
"TAS_app","MATA",34.1770010912556
"TAS_app","SOC",35.7033802913489
