"TRS_type","var","varImp"
"TAS_direct","ELEV",53.3347595154489
"TAS_direct","MATA",-4.09908738890615
"TAS_direct","LAI",24.7319165099685
"TAS_direct","SOC",26.0324113634887
"TAS_tot","LAI",25.007974689902
"TAS_tot","ELEV",26.1863681199222
"TAS_tot","MATA",17.3273463981481
"TAS_tot","SOC",31.4783107920277
"TAS_app","LAI",24.2730298840949
"TAS_app","ELEV",5.03076593386498
"TAS_app","MATA",35.4997218957181
"TAS_app","SOC",35.196482286322
